{"xy_sens": 14.0, "targeting_sens": 40.0, "xy_scale": 0.7142857142857143, "targeting_scale": 1.7857142857142858}